Index,Box,Regional
1,294,7489
2,444,7487
3,494,7488
4,610,7088
5,733,7482
6,768,7175
7,814,7086
8,986,7087
9,995,6677
10,1049,7174
11,1362,6659
12,1366,7077
13,1381,7076
14,1388,6771
15,1399,6676
16,1400,6675
17,1413,6773
18,1557,6770
19,1742,6215
20,1762,5328
21,1763,4866
22,1764,4842
23,1791,6236
24,1858,6658
25,1864,5775
26,1868,3926
27,1869,4373
28,1872,4374
29,1873,4376
30,1979,3490
31,1984,5330
32,1985,4841
33,1987,5312
34,1991,3489
35,1992,3492
36,2004,6656
37,2014,6325
38,2020,6324
39,2043,6327
40,2050,6326
41,2061,6767
42,2082,6657
43,2093,5776
44,2094,3927
45,2096,4377
46,2104,3079
47,2105,3491
48,2106,3493
49,2108,3928
50,2195,3078
51,2196,2682
52,2199,6213
53,2215,4378
54,2219,4843
55,2227,3494
56,2230,3929
57,2259,6323
58,2317,2345
59,2319,2344
60,2320,3080
61,2349,3495
62,2460,2684
63,2464,2027
64,2467,1706
65,2468,3082
66,2472,6210
67,2488,4379
68,2490,4844
69,2493,5765
70,2494,5313
71,2500,3930
72,2535,6321
73,2617,1703
74,2618,2026
75,2619,1704
76,2620,2346
77,2621,2685
78,2624,1401
79,2636,6212
80,2654,3497
81,2720,6322
82,2746,8012
83,2785,2028
84,2792,1400
85,2793,1101
86,2794,1707
87,2798,3083
88,2817,4380
89,2819,4845
90,2823,5314
91,2828,3932
92,2838,6211
93,2845,5882
94,2851,6208
95,2863,5881
96,2895,6319
97,2961,2347
98,2964,2686
99,2965,2030
100,2966,1100
101,2968,1402
102,2970,821
103,2971,820
104,2972,818
105,2973,819
106,2974,817
107,2992,5766
108,3001,3498
109,3059,5883
110,3112,571
111,3159,1708
112,3162,1103
113,3165,1102
114,3166,823
115,3167,3084
116,3175,6209
117,3185,4381
118,3187,4846
119,3189,5315
120,3193,3931
121,3199,5880
122,3305,7662
123,3308,570
124,3310,362
125,3312,307
126,3354,2349
127,3356,2687
128,3357,2031
129,3358,1403
130,3364,1105
131,3365,824
132,3390,3496
133,3393,3933
134,3408,5768
135,3470,8369
136,3514,572
137,3516,308
138,3517,500
139,3518,309
140,3519,311
141,3574,1709
142,3583,3081
143,3603,5316
144,3605,4383
145,3607,4848
146,3640,5455
147,3653,5879
148,3731,7294
149,3736,6037
150,3739,5606
151,3740,573
152,3743,502
153,3744,501
154,3748,504
155,3799,2348
156,3801,2683
157,3802,2029
158,3803,1404
159,3807,1104
160,3810,822
161,3815,5769
162,3819,5764
163,3830,3085
164,3836,3499
165,3838,3935
166,3866,5456
167,3870,5454
168,3876,5451
169,3879,5445
170,3896,5878
171,3963,5156
172,3970,7661
173,3977,6899
174,3979,6034
175,3980,5158
176,3981,5157
177,3984,4676
178,3986,744
179,3988,745
180,3992,746
181,3993,748
182,4047,1705
183,4051,1095
184,4055,2688
185,4069,5770
186,4070,5311
187,4076,4847
188,4078,4384
189,4087,5452
190,4112,4999
191,4116,5453
192,4133,5457
193,4166,8353
194,4195,5134
195,4196,5133
196,4198,5132
197,4199,5131
198,4203,4677
199,4204,5124
200,4205,5125
201,4206,5126
202,4209,7993
203,4220,6473
204,4222,6035
205,4224,5604
206,4227,4216
207,4229,4214
208,4230,743
209,4233,1023
210,4236,1025
211,4237,1034
212,4238,1035
213,4240,1024
214,4268,4985
215,4286,2350
216,4287,2343
217,4290,2023
218,4291,1397
219,4299,825
220,4321,3086
221,4325,3500
222,4329,3934
223,4336,5767
224,4343,5318
225,4351,5763
226,4360,4996
227,4390,5875
228,4413,8697
229,4443,5580
230,4444,5129
231,4445,5130
232,4448,5579
233,4449,5128
234,4450,5127
235,4452,5146
236,4454,5576
237,4455,5145
238,4458,5603
239,4471,6898
240,4473,6472
241,4474,6032
242,4477,4213
243,4478,4675
244,4485,1022
245,4487,1326
246,4493,1317
247,4494,1330
248,4496,1316
249,4548,1698
250,4550,1393
251,4556,2356
252,4566,5310
253,4573,4840
254,4575,2694
255,4577,4382
256,4579,3091
257,4582,3505
258,4594,5320
259,4608,4998
260,4619,4993
261,4621,4984
262,4622,4994
263,4625,5450
264,4688,6010
265,4689,6011
266,4691,5578
267,4692,6009
268,4694,5577
269,4695,6007
270,4696,5590
271,4700,5589
272,4715,6897
273,4719,6033
274,4720,3775
275,4721,4224
276,4722,4683
277,4724,3774
278,4725,3773
279,4726,3772
280,4727,3356
281,4728,1021
282,4731,1315
283,4732,1327
284,4734,1625
285,4735,1626
286,4736,1624
287,4737,1329
288,4738,1328
289,4739,1944
290,4740,1945
291,4745,1616
292,4749,3355
293,4754,2585
294,4755,1942
295,4756,1943
296,4757,2584
297,4758,2260
298,4759,2259
299,4797,2038
300,4799,2032
301,4801,1710
302,4804,1106
303,4809,826
304,4813,5324
305,4821,5319
306,4822,5322
307,4838,3941
308,4844,5001
309,4846,4995
310,4851,5317
311,4864,5000
312,4886,5448
313,4897,5449
314,4903,5447
315,4941,6008
316,4951,6012
317,4952,6453
318,4959,7293
319,4968,6885
320,4970,6454
321,4975,4223
322,4977,3776
323,4979,1314
324,4982,1627
325,4984,1946
326,4986,1628
327,4988,2262
328,4990,1629
329,4994,1615
330,4997,3768
331,4998,3346
332,4999,2944
333,5000,2945
334,5002,2946
335,5003,2261
336,5006,2586
337,5026,4980
338,5034,4983
339,5054,1405
340,5059,1026
341,5063,2357
342,5064,2039
343,5067,5321
344,5074,4855
345,5076,5323
346,5080,4390
347,5082,2695
348,5084,3092
349,5087,3506
350,5102,4853
351,5116,4997
352,5117,4515
353,5120,4517
354,5151,5444
355,5201,7657
356,5216,5150
357,5219,4682
358,5221,4225
359,5225,1614
360,5229,1948
361,5231,1947
362,5232,2263
363,5236,1936
364,5240,4220
365,5243,3347
366,5245,2587
367,5246,3348
368,5249,2947
369,5250,5393
370,5288,4503
371,5291,1717
372,5293,1711
373,5295,1406
374,5296,1011
375,5300,1107
376,5314,4856
377,5319,4858
378,5322,4391
379,5324,3942
380,5326,2697
381,5329,3094
382,5331,4520
383,5338,4852
384,5345,5309
385,5363,4519
386,5367,4513
387,5370,4992
388,5371,4512
389,5382,5002
390,5386,4990
391,5408,8364
392,5425,6452
393,5431,5593
394,5432,6018
395,5434,6884
396,5456,4684
397,5459,1318
398,5463,1304
399,5470,1949
400,5473,1935
401,5476,3769
402,5536,1719
403,5537,2359
404,5539,2041
405,5542,4854
406,5545,4850
407,5546,4851
408,5550,4857
409,5561,3508
410,5566,4522
411,5569,4514
412,5573,4849
413,5578,4388
414,5581,5308
415,5588,4518
416,5592,4516
417,5595,4062
418,5610,4991
419,5612,4988
420,5621,4989
421,5623,4987
422,5659,6451
423,5683,7284
424,5690,4680
425,5691,5149
426,5693,1617
427,5695,1605
428,5699,2588
429,5700,2264
430,5708,4221
431,5710,3770
432,5712,2948
433,5713,3349
434,5742,4922
435,5756,4979
436,5766,1415
437,5768,1407
438,5770,1108
439,5771,1017
440,5773,827
441,5788,4393
442,5791,4394
443,5793,3944
444,5796,2360
445,5799,2698
446,5802,3095
447,5805,4066
448,5811,4387
449,5815,4385
450,5832,4834
451,5839,4064
452,5841,4521
453,5845,4511
454,5847,4510
455,5848,4058
456,5858,4982
457,5867,4986
458,5905,6883
459,5927,1310
460,5935,2265
461,5937,2253
462,5939,1937
463,5947,4681
464,6003,4502
465,6019,1416
466,6028,1720
467,6029,2042
468,6032,4389
469,6036,4386
470,6039,4392
471,6045,3945
472,6048,3509
473,6057,4059
474,6059,4060
475,6062,4838
476,6064,4839
477,6068,3939
478,6073,4836
479,6076,4837
480,6083,4061
481,6089,4063
482,6100,4509
483,6101,4508
484,6103,4507
485,6109,4981
486,6111,4506
487,6113,4505
488,6119,8007
489,6138,5592
490,6161,7655
491,6170,5148
492,6171,1928
493,6174,1610
494,6177,2949
495,6179,2589
496,6187,4222
497,6189,3771
498,6191,3350
499,6266,1117
500,6268,1109
501,6272,828
502,6273,1018
503,6276,1311
504,6285,3938
505,6289,3946
506,6292,2045
507,6296,2363
508,6299,2701
509,6300,3097
510,6313,3936
511,6317,4370
512,6320,4835
513,6326,4366
514,6327,4367
515,6331,3617
516,6332,3619
517,6338,4501
518,6340,4065
519,6342,4057
520,6344,4056
521,6346,4049
522,6362,4504
523,6389,6019
524,6425,2579
525,6427,2254
526,6429,2248
527,6436,3344
528,6438,4679
529,6451,4923
530,6463,5390
531,6518,1419
532,6524,1120
533,6534,1723
534,6536,3940
535,6543,3943
536,6548,3510
537,6558,3621
538,6562,3615
539,6565,4372
540,6572,3918
541,6576,4368
542,6579,4369
543,6591,3616
544,6592,4500
545,6602,4054
546,6603,4055
547,6604,4053
548,6608,3612
549,6614,4499
550,6620,8006
551,6639,5591
552,6670,5147
553,6671,1932
554,6673,1612
555,6676,2941
556,6686,4219
557,6688,3766
558,6766,4497
559,6771,4050
560,6777,839
561,6779,829
562,6784,741
563,6785,1019
564,6788,1313
565,6796,3937
566,6799,3503
567,6800,1726
568,6802,3511
569,6804,2047
570,6806,3507
571,6808,2364
572,6809,3096
573,6812,2700
574,6816,3614
575,6820,3501
576,6825,4371
577,6837,3914
578,6840,3915
579,6844,3618
580,6851,4046
581,6854,3620
582,6856,3613
583,6870,4052
584,6873,4051
585,6875,3607
586,6887,8363
587,6891,8708
588,6903,6458
589,6909,6888
590,6933,2580
591,6935,2574
592,6936,2942
593,6938,2251
594,6939,1613
595,6946,3345
596,6948,4678
597,6970,5391
598,7012,4498
599,7030,1420
600,7031,1122
601,7037,841
602,7050,1424
603,7052,3504
604,7072,3216
605,7076,3212
606,7085,3921
607,7089,3483
608,7091,3917
609,7092,3916
610,7093,3919
611,7099,3213
612,7107,3214
613,7108,4045
614,7115,3210
615,7117,3610
616,7118,3611
617,7156,5588
618,7180,7286
619,7185,5144
620,7186,1934
621,7199,1611
622,7201,4218
623,7202,3767
624,7283,4048
625,7296,585
626,7300,842
627,7301,742
628,7303,1312
629,7305,1020
630,7314,3502
631,7315,3089
632,7317,1725
633,7319,3098
634,7322,2046
635,7323,3093
636,7326,2362
637,7327,2699
638,7340,3087
639,7341,3922
640,7357,3478
641,7361,3211
642,7365,3477
643,7371,3602
644,7374,3215
645,7376,3205
646,7381,3209
647,7385,4044
648,7386,3609
649,7389,3608
650,7421,6017
651,7449,2937
652,7451,2577
653,7453,3338
654,7455,1933
655,7463,3759
656,7465,4674
657,7485,4448
658,7507,5826
659,7552,4047
660,7560,3606
661,7564,1121
662,7569,586
663,7579,1126
664,7582,1423
665,7586,3090
666,7605,2824
667,7608,2821
668,7615,3920
669,7619,3484
670,7624,3480
671,7625,3479
672,7628,3481
673,7634,2822
674,7638,3063
675,7641,3601
676,7648,2819
677,7649,3208
678,7664,1609
679,7685,8365
680,7693,5586
681,7704,6460
682,7711,7656
683,7721,5141
684,7722,2252
685,7734,1931
686,7736,4212
687,7746,5827
688,7818,4043
689,7829,4040
690,7844,740
691,7849,840
692,7850,1016
693,7852,1309
694,7860,1422
695,7866,3088
696,7867,1724
697,7868,2702
698,7871,2044
699,7872,2696
700,7875,2361
701,7877,2692
702,7884,3069
703,7890,3485
704,7905,3065
705,7909,3062
706,7916,3199
707,7924,2818
708,7928,3600
709,7929,3207
710,7931,3206
711,7934,3204
712,7936,2823
713,7976,6457
714,7980,6889
715,7995,5143
716,7998,2578
717,7999,2940
718,8001,3340
719,8005,2250
720,8013,3760
721,8015,4673
722,8062,5388
723,8107,3603
724,8109,3605
725,8112,3599
726,8114,3604
727,8123,736
728,8130,847
729,8133,1125
730,8139,2693
731,8153,2471
732,8155,2468
733,8157,2820
734,8159,2689
735,8165,3482
736,8168,3071
737,8173,3066
738,8175,3064
739,8177,3067
740,8181,2666
741,8188,2665
742,8189,3198
743,8196,2813
744,8197,2817
745,8212,1606
746,8213,1929
747,8239,8707
748,8246,5587
749,8252,6015
750,8278,2576
751,8285,2249
752,8286,4211
753,8302,4920
754,8389,3593
755,8397,3203
756,8403,1012
757,8406,584
758,8409,591
759,8410,1305
760,8416,1421
761,8419,1124
762,8424,2690
763,8425,1722
764,8426,2365
765,8429,2043
766,8430,2358
767,8433,2355
768,8439,2673
769,8448,3070
770,8458,2668
771,8462,2664
772,8468,2806
773,8472,2470
774,8473,2814
775,8482,2816
776,8483,3197
777,8484,2815
778,8490,2469
779,8495,1608
780,8514,8008
781,8530,8001
782,8545,6459
783,8547,6887
784,8557,7285
785,8558,5142
786,8563,2939
787,8567,2575
788,8575,3758
789,8577,4672
790,8587,5385
791,8603,4921
792,8660,3598
793,8670,4042
794,8673,3196
795,8675,3202
796,8676,3201
797,8690,737
798,8697,846
799,8698,845
800,8708,2691
801,8720,2153
802,8722,2467
803,8727,2351
804,8731,3068
805,8733,2674
806,8737,2669
807,8739,2667
808,8741,2670
809,8744,2466
810,8748,2330
811,8750,2805
812,8757,2462
813,8759,2465
814,8767,2463
815,8772,2152
816,8774,1308
817,8775,1930
818,8786,8709
819,8815,5583
820,8829,6020
821,8842,3339
822,8844,2938
823,8851,2572
824,8853,2246
825,8855,4209
826,8939,4041
827,8958,3594
828,8961,3200
829,8967,1014
830,8969,499
831,8977,590
832,8979,1418
833,8981,1123
834,8984,844
835,8989,1721
836,8990,2354
837,8993,2040
838,9003,2037
839,9005,2337
840,9023,2332
841,9027,2329
842,9032,2453
843,9041,2464
844,9042,2804
845,9048,2812
846,9052,2151
847,9060,1307
848,9062,1607
849,9097,5582
850,9104,6886
851,9110,6456
852,9111,6016
853,9113,7649
854,9117,5138
855,9118,4671
856,9124,2935
857,9125,3756
858,9135,4210
859,9223,3597
860,9228,3187
861,9230,2810
862,9241,589
863,9243,739
864,9247,1015
865,9260,2353
866,9262,2352
867,9267,1417
868,9271,2150
869,9273,2149
870,9281,2672
871,9283,2671
872,9290,2338
873,9293,2333
874,9296,2334
875,9300,2148
876,9304,2013
877,9305,2452
878,9308,2135
879,9309,2461
880,9311,2147
881,9328,1834
882,9331,1927
883,9368,8002
884,9378,5585
885,9385,6014
886,9393,7273
887,9399,3336
888,9405,2573
889,9407,2247
890,9409,3757
891,9459,5383
892,9485,3595
893,9488,3995
894,9497,3188
895,9500,2809
896,9503,3189
897,9507,2811
898,9513,498
899,9518,376
900,9522,1119
901,9527,843
902,9532,1718
903,9533,2036
904,9545,2033
905,9556,2021
906,9558,2331
907,9564,2015
908,9579,2451
909,9582,2145
910,9584,2459
911,9586,2460
912,9589,1833
913,9594,1013
914,9596,1604
915,9598,1306
916,9615,8360
917,9630,5137
918,9635,5140
919,9637,6872
920,9640,6455
921,9644,5584
922,9652,4669
923,9657,2936
924,9658,3337
925,9667,4208
926,9687,4446
927,9744,3191
928,9745,3195
929,9750,3194
930,9769,2458
931,9770,495
932,9771,738
933,9776,588
934,9788,2035
935,9793,1118
936,9796,1414
937,9797,2034
938,9800,1832
939,9803,1831
940,9804,1716
941,9810,2336
942,9812,2335
943,9817,2020
944,9819,2016
945,9821,2017
946,9825,1830
947,9829,1691
948,9831,2134
949,9834,2144
950,9836,2146
951,9849,1818
952,9852,1522
953,9854,2243
954,9856,1924
955,9859,1301
956,9860,1601
957,9867,8366
958,9892,5136
959,9896,5139
960,9899,6442
961,9902,6013
962,9914,4667
963,9920,2932
964,9922,2569
965,9923,3754
966,9955,4919
967,9995,3190
968,9997,2803
969,10001,3193
970,10002,3596
971,10006,3548
972,10008,2799
973,10010,2808
974,10011,2800
975,10013,2807
976,10022,733
977,10024,1008
978,10026,374
979,10030,838
980,10033,587
981,10039,1715
982,10052,1712
983,10061,1697
984,10068,2014
985,10076,1817
986,10082,2133
987,10084,1828
988,10085,2143
989,10087,2142
990,10090,1521
991,10135,4668
992,10138,4670
993,10143,6874
994,10148,5581
995,10150,7275
996,10156,4207
997,10161,3333
998,10168,3755
999,10187,4447
1000,10244,3992
1001,10257,2141
1002,10260,2457
1003,10262,496
1004,10267,375
1005,10276,837
1006,10279,1714
1007,10282,1116
1008,10283,1412
1009,10285,1713
1010,10290,1520
1011,10292,1519
1012,10294,1413
1013,10297,2019
1014,10300,2018
1015,10304,1696
1016,10305,1692
1017,10307,1694
1018,10312,1518
1019,10314,1689
1020,10319,1829
1021,10329,1827
1022,10332,1507
1023,10334,1508
1024,10336,1228
1025,10338,1009
1026,10340,2244
1027,10342,1925
1028,10344,1602
1029,10346,1302
1030,10374,7650
1031,10377,4666
1032,10381,5135
1033,10383,6440
1034,10386,5996
1035,10390,7274
1036,10393,6873
1037,10396,4205
1038,10398,4206
1039,10399,3334
1040,10401,2933
1041,10404,2570
1042,10406,3753
1043,10440,5382
1044,10472,2801
1045,10475,2802
1046,10479,3192
1047,10484,2455
1048,10486,2456
1049,10490,2454
1050,10497,1824
1051,10499,734
1052,10504,306
1053,10509,583
1054,10511,373
1055,10534,1408
1056,10542,1392
1057,10549,1690
1058,10554,1815
1059,10559,1816
1060,10562,1826
1061,10563,1825
1062,10569,1227
1063,10599,8361
1064,10602,8362
1065,10608,8004
1066,10616,4665
1067,10624,5566
1068,10626,6875
1069,10627,6441
1070,10639,2571
1071,10640,3335
1072,10644,4915
1073,10702,2450
1074,10714,3543
1075,10719,2136
1076,10725,2138
1077,10727,497
1078,10729,735
1079,10731,303
1080,10740,582
1081,10742,836
1082,10743,1411
1083,10746,1114
1084,10748,1410
1085,10750,1409
1086,10754,1226
1087,10757,1225
1088,10759,1115
1089,10762,1695
1090,10769,1391
1091,10770,1388
1092,10773,1389
1093,10776,1384
1094,10782,1517
1095,10790,1504
1096,10792,1516
1097,10795,1216
1098,10797,1215
1099,10799,939
1100,10801,1010
1101,10803,2245
1102,10805,1926
1103,10807,1603
1104,10809,1303
1105,10835,7652
1106,10836,7276
1107,10839,4204
1108,10842,5114
1109,10846,5997
1110,10852,6447
1111,10855,3752
1112,10858,2934
1113,10863,3751
1114,10874,3545
1115,10881,3993
1116,10917,4913
1117,10927,2746
1118,10935,3135
1119,10938,2137
1120,10947,2140
1121,10950,1819
1122,10956,492
1123,10961,202
1124,10963,372
1125,10983,1110
1126,10987,1693
1127,10991,1094
1128,10998,1385
1129,11001,1506
1130,11007,1514
1131,11015,938
1132,11059,7280
1133,11061,4646
1134,11064,5121
1135,11068,5573
1136,11069,6879
1137,11071,6003
1138,11077,4188
1139,11080,2930
1140,11082,2566
1141,11083,3332
1142,11149,2403
1143,11154,3542
1144,11159,3136
1145,11163,1822
1146,11168,2139
1147,11172,1820
1148,11175,730
1149,11177,1005
1150,11179,304
1151,11190,581
1152,11192,834
1153,11193,1113
1154,11196,1112
1155,11198,1111
1156,11203,937
1157,11207,835
1158,11211,1390
1159,11217,1093
1160,11219,1091
1161,11221,1386
1162,11224,1087
1163,11228,1505
1164,11229,1515
1165,11234,1214
1166,11236,1212
1167,11238,1509
1168,11242,671
1169,11243,929
1170,11244,928
1171,11248,1298
1172,11252,2240
1173,11254,1922
1174,11256,1599
1175,11281,7653
1176,11283,7281
1177,11288,4653
1178,11295,6448
1179,11297,6004
1180,11299,3742
1181,11304,2568
1182,11308,3331
1183,11342,4445
1184,11372,2747
1185,11377,3138
1186,11381,2084
1187,11384,1823
1188,11395,1510
1189,11401,494
1190,11405,143
1191,11406,371
1192,11409,201
1193,11423,936
1194,11428,830
1195,11433,1387
1196,11444,1086
1197,11452,1223
1198,11461,670
1199,11498,7282
1200,11505,6880
1201,11507,6881
1202,11508,4195
1203,11511,5122
1204,11513,5574
1205,11519,3749
1206,11521,2931
1207,11525,2242
1208,11528,3330
1209,11539,3544
1210,11542,3994
1211,11571,4912
1212,11589,2748
1213,11591,2404
1214,11597,3134
1215,11602,1761
1216,11606,2085
1217,11608,1821
1218,11611,1512
1219,11613,732
1220,11614,1007
1221,11616,305
1222,11628,370
1223,11631,579
1224,11632,832
1225,11633,833
1226,11639,831
1227,11647,580
1228,11650,812
1229,11654,1092
1230,11658,1088
1231,11660,1090
1232,11663,806
1233,11666,1213
1234,11667,1224
1235,11672,927
1236,11675,925
1237,11676,1217
1238,11681,440
1239,11682,662
1240,11684,661
1241,11686,1299
1242,11689,1923
1243,11691,1600
1244,11693,1300
1245,11696,8005
1246,11715,8003
1247,11723,7283
1248,11725,6449
1249,11728,4652
1250,11731,5123
1251,11734,6005
1252,11735,5575
1253,11739,4194
1254,11741,2567
1255,11743,2241
1256,11745,2929
1257,11759,3137
1258,11811,2405
1259,11815,2750
1260,11820,1513
1261,11829,1220
1262,11833,493
1263,11836,300
1264,11839,140
1265,11840,200
1266,11842,199
1267,11849,578
1268,11858,669
1269,11860,439
1270,11862,668
1271,11865,574
1272,11879,807
1273,11888,934
1274,11904,2236
1275,11913,1006
1276,11920,8355
1277,11934,7651
1278,11936,6882
1279,11942,6450
1280,11945,5115
1281,11952,3748
1282,11957,2565
1283,11961,3329
1284,11972,3139
1285,12009,4911
1286,12021,2744
1287,12023,2086
1288,12036,1762
1289,12039,1511
1290,12041,1221
1291,12043,731
1292,12045,490
1293,12057,368
1294,12062,197
1295,12064,577
1296,12066,576
1297,12068,575
1298,12080,563
1299,12083,1089
1300,12085,811
1301,12087,810
1302,12090,809
1303,12094,556
1304,12096,926
1305,12097,935
1306,12103,660
1307,12104,658
1308,12106,932
1309,12111,432
1310,12112,431
1311,12116,1296
1312,12118,1597
1313,12119,1919
1314,12151,7277
1315,12153,6006
1316,12155,4647
1317,12159,5567
1318,12162,5998
1319,12164,4189
1320,12166,2928
1321,12170,2562
1322,12173,3744
1323,12185,2751
1324,12189,3546
1325,12236,2401
1326,12238,2749
1327,12240,2745
1328,12245,1453
1329,12246,1222
1330,12255,933
1331,12257,299
1332,12260,728
1333,12262,489
1334,12266,139
1335,12268,66
1336,12281,438
1337,12285,437
1338,12286,369
1339,12302,561
1340,12309,667
1341,12318,253
1342,12324,2237
1343,12332,1003
1344,12334,1295
1345,12359,6876
1346,12367,5116
1347,12374,4648
1348,12376,2926
1349,12381,3326
1350,12384,4440
1351,12394,3140
1352,12441,8700
1353,12443,2402
1354,12445,2082
1355,12453,2410
1356,12459,1759
1357,12462,1219
1358,12464,1218
1359,12470,727
1360,12481,367
1361,12485,195
1362,12487,366
1363,12489,365
1364,12491,364
1365,12492,252
1366,12503,363
1367,12505,562
1368,12507,808
1369,12510,559
1370,12511,560
1371,12515,354
1372,12517,659
1373,12518,666
1374,12525,430
1375,12527,665
1376,12531,246
1377,12536,1596
1378,12538,1920
1379,12540,2238
1380,12545,1294
1381,12557,7654
1382,12567,7279
1383,12572,6878
1384,12573,6443
1385,12576,5568
1386,12581,5999
1387,12582,4191
1388,12588,2925
1389,12590,2563
1390,12592,3746
1391,12603,2753
1392,12607,3547
1393,12609,3142
1394,12618,4438
1395,12664,2083
1396,12666,2407
1397,12669,2406
1398,12672,1451
1399,12682,930
1400,12683,1002
1401,12684,298
1402,12686,488
1403,12691,726
1404,12693,141
1405,12695,64
1406,12708,251
1407,12711,250
1408,12726,355
1409,12733,436
1410,12736,428
1411,12743,245
1412,12747,105
1413,12759,1595
1414,12765,7996
1415,12782,7278
1416,12785,6445
1417,12793,5117
1418,12798,4650
1419,12800,3327
1420,12807,4192
1421,12829,3991
1422,12855,8703
1423,12880,2087
1424,12882,1760
1425,12890,2411
1426,12895,1452
1427,12896,1152
1428,12900,931
1429,12907,1001
1430,12915,196
1431,12918,65
1432,12920,194
1433,12922,193
1434,12924,192
1435,12926,104
1436,12933,198
1437,12936,356
1438,12938,557
1439,12941,558
1440,12945,353
1441,12947,186
1442,12950,429
1443,12951,435
1444,12957,244
1445,12959,242
1446,12960,663
1447,12965,99
1448,12970,2561
1449,12971,1918
1450,12973,2235
1451,12977,1293
1452,12979,1594
1453,13000,7642
1454,13003,6877
1455,13007,6446
1456,13009,6001
1457,13012,5569
1458,13015,5571
1459,13017,5118
1460,13020,3325
1461,13022,2924
1462,13023,3745
1463,13035,2754
1464,13043,3141
1465,13061,4437
1466,13119,1763
1467,13121,2088
1468,13130,1153
1469,13137,664
1470,13139,301
1471,13141,491
1472,13143,729
1473,13147,138
1474,13148,142
1475,13162,103
1476,13164,102
1477,13187,249
1478,13198,98
1479,13201,30
1480,13210,2560
1481,13211,1917
1482,13215,1297
1483,13237,7266
1484,13240,6002
1485,13242,6444
1486,13251,4649
1487,13260,4190
1488,13274,2412
1489,13357,2091
1490,13358,1764
1491,13360,1454
1492,13373,872
1493,13377,871
1494,13380,1004
1495,13392,132
1496,13396,137
1497,13397,135
1498,13399,134
1499,13401,133
1500,13405,29
1501,13409,187
1502,13411,350
1503,13413,352
1504,13415,185
1505,13416,351
1506,13420,61
1507,13423,243
1508,13424,433
1509,13432,97
1510,13434,434
1511,13436,95
1512,13442,2923
1513,13444,2234
1514,13450,1598
1515,13468,7995
1516,13477,6867
1517,13482,5572
1518,13485,5119
1519,13488,5120
1520,13489,4651
1521,13491,3743
1522,13492,3324
1523,13497,4193
1524,13508,2752
1525,13531,4436
1526,13551,8358
1527,13588,1455
1528,13590,1766
1529,13595,2092
1530,13597,1154
1531,13601,873
1532,13606,613
1533,13608,302
1534,13610,485
1535,13611,996
1536,13613,723
1537,13615,296
1538,13618,297
1539,13635,28
1540,13654,247
1541,13661,96
1542,13668,26
1543,13671,2564
1544,13673,2239
1545,13674,1921
1546,13677,1288
1547,13679,1587
1548,13687,8354
1549,13708,6000
1550,13709,6436
1551,13722,2927
1552,13723,3328
1553,13724,3747
1554,13728,3985
1555,13735,2740
1556,13737,2408
1557,13740,3541
1558,13745,3131
1559,13746,2742
1560,13808,1767
1561,13809,1458
1562,13811,1155
1563,13826,614
1564,13844,290
1565,13845,295
1566,13849,292
1567,13852,291
1568,13853,136
1569,13854,36
1570,13857,4
1571,13859,31
1572,13861,181
1573,13863,184
1574,13865,183
1575,13867,182
1576,13869,60
1577,13872,32
1578,13875,248
1579,13880,100
1580,13884,27
1581,13887,396
1582,13890,33
1583,13898,2549
1584,13899,1908
1585,13903,1589
1586,13927,6869
1587,13932,5570
1588,13934,5104
1589,13938,4635
1590,13945,4177
1591,13954,2409
1592,13956,2399
1593,13958,2089
1594,13963,3132
1595,13964,2741
1596,14026,1159
1597,14028,1459
1598,14031,1768
1599,14034,874
1600,14038,615
1601,14042,397
1602,14043,1289
1603,14044,487
1604,14046,724
1605,14048,998
1606,14051,484
1607,14053,486
1608,14058,481
1609,14088,101
1610,14094,34
1611,14104,2909
1612,14106,2225
1613,14112,1909
1614,14128,7643
1615,14139,7267
1616,14142,6437
1617,14144,5993
1618,14149,5556
1619,14154,3731
1620,14155,3309
1621,14171,2398
1622,14176,2400
1623,14178,3133
1624,14179,2743
1625,14183,3983
1626,14232,878
1627,14233,1460
1628,14234,1160
1629,14265,479
1630,14270,480
1631,14271,294
1632,14273,293
1633,14275,38
1634,14278,37
1635,14280,288
1636,14282,131
1637,14284,118
1638,14285,121
1639,14287,120
1640,14289,119
1641,14292,224
1642,14297,35
1643,14303,225
1644,14304,39
1645,14306,125
1646,14308,127
1647,14310,2910
1648,14312,2550
1649,14313,2226
1650,14316,1590
1651,14319,1911
1652,14347,6868
1653,14351,5984
1654,14353,5103
1655,14356,4634
1656,14359,3310
1657,14360,3730
1658,14361,4176
1659,14372,2090
1660,14373,2390
1661,14378,3537
1662,14379,2728
1663,14382,3124
1664,14383,2077
1665,14437,879
1666,14439,1161
1667,14443,1765
1668,14445,618
1669,14448,619
1670,14449,398
1671,14451,399
1672,14453,226
1673,14456,1291
1674,14457,725
1675,14460,999
1676,14462,719
1677,14464,722
1678,14466,718
1679,14493,76
1680,14503,126
1681,14517,2911
1682,14518,2227
1683,14551,7640
1684,14552,6862
1685,14554,6427
1686,14559,5555
1687,14566,4633
1688,14582,2729
1689,14583,3125
1690,14603,3982
1691,14634,1755
1692,14638,1456
1693,14639,880
1694,14668,717
1695,14670,482
1696,14673,483
1697,14675,477
1698,14678,129
1699,14682,128
1700,14684,289
1701,14687,273
1702,14688,271
1703,14691,272
1704,14696,122
1705,14700,124
1706,14705,274
1707,14707,130
1708,14711,279
1709,14713,3311
1710,14715,2551
1711,14720,1592
1712,14723,1912
1713,14724,2229
1714,14752,7263
1715,14760,5983
1716,14761,5102
1717,14764,4175
1718,14765,3732
1719,14777,2394
1720,14785,2735
1721,14787,2079
1722,14816,8000
1723,14837,620
1724,14842,1156
1725,14845,1457
1726,14847,400
1727,14850,401
1728,14851,284
1729,14853,285
1730,14855,286
1731,14856,992
1732,14859,1292
1733,14861,1000
1734,14863,993
1735,14865,997
1736,14866,991
1737,14892,282
1738,14893,123
1739,14896,278
1740,14914,3733
1741,14918,2552
1742,14919,3312
1743,14921,2912
1744,14930,7994
1745,14938,7999
1746,14958,6861
1747,14960,6426
1748,14961,5554
1749,14970,4632
1750,14984,3539
1751,14985,3129
1752,14986,2736
1753,15000,3981
1754,15034,1758
1755,15040,1157
1756,15041,875
1757,15068,715
1758,15070,721
1759,15071,720
1760,15074,478
1761,15077,1283
1762,15080,281
1763,15083,280
1764,15085,460
1765,15088,458
1766,15089,459
1767,15094,275
1768,15097,276
1769,15100,277
1770,15102,461
1771,15106,283
1772,15109,468
1773,15119,1591
1774,15121,1913
1775,15122,2554
1776,15125,2230
1777,15135,7648
1778,15159,5982
1779,15160,6424
1780,15161,5101
1781,15162,5553
1782,15164,4180
1783,15172,3984
1784,15177,2396
1785,15181,2738
1786,15184,2081
1787,15196,3540
1788,15231,1450
1789,15233,616
1790,15240,1158
1791,15242,287
1792,15245,475
1793,15246,472
1794,15248,473
1795,15250,474
1796,15251,1284
1797,15256,1290
1798,15257,1285
1799,15261,995
1800,15269,716
1801,15288,470
1802,15297,462
1803,15298,697
1804,15299,466
1805,15307,3737
1806,15309,3317
1807,15312,2913
1808,15314,3313
1809,15349,6425
1810,15360,4639
1811,15376,2739
1812,15377,3130
1813,15382,3538
1814,15405,7997
1815,15422,1757
1816,15428,877
1817,15430,876
1818,15450,1588
1819,15452,1582
1820,15455,989
1821,15457,994
1822,15459,696
1823,15464,1287
1824,15469,469
1825,15473,467
1826,15475,695
1827,15477,694
1828,15480,463
1829,15482,465
1830,15483,464
1831,15492,471
1832,15494,704
1833,15504,2914
1834,15505,1910
1835,15509,2228
1836,15510,2553
1837,15537,7262
1838,15541,6860
1839,15543,5981
1840,15546,5989
1841,15548,5107
1842,15550,4184
1843,15564,2397
1844,15567,2737
1845,15569,2080
1846,15599,8356
1847,15610,1448
1848,15614,617
1849,15619,1149
1850,15621,476
1851,15624,711
1852,15625,708
1853,15627,709
1854,15629,710
1855,15630,1583
1856,15633,1584
1857,15640,1286
1858,15645,990
1859,15648,968
1860,15655,705
1861,15665,706
1862,15670,698
1863,15673,969
1864,15676,702
1865,15681,4181
1866,15684,3734
1867,15687,3314
1868,15714,7641
1869,15720,7265
1870,15723,6433
1871,15727,5560
1872,15734,4642
1873,15749,3128
1874,15751,2734
1875,15760,3535
1876,15773,3536
1877,15801,869
1878,15818,1593
1879,15819,1915
1880,15822,1904
1881,15824,1586
1882,15828,1282
1883,15831,967
1884,15836,1585
1885,15842,703
1886,15846,701
1887,15848,966
1888,15851,699
1889,15853,700
1890,15862,707
1891,15864,977
1892,15874,3316
1893,15875,2915
1894,15877,2557
1895,15879,1916
1896,15882,2233
1897,15894,7646
1898,15910,6865
1899,15916,5990
1900,15917,6432
1901,15919,5109
1902,15932,2395
1903,15937,2733
1904,15941,2078
1905,15942,3126
1906,15945,3127
1907,15978,1756
1908,15979,1449
1909,15982,1151
1910,15983,712
1911,15988,870
1912,15991,713
1913,15996,980
1914,15998,981
1915,16000,982
1916,16002,1905
1917,16012,1581
1918,16016,1258
1919,16019,1257
1920,16036,978
1921,16041,970
1922,16043,1259
1923,16044,972
1924,16052,4640
1925,16056,3736
1926,16069,7647
1927,16080,7644
1928,16100,5561
1929,16113,3670
1930,16119,2731
1931,16168,714
1932,16175,983
1933,16185,2231
1934,16189,1914
1935,16192,2222
1936,16193,1907
1937,16195,1906
1938,16199,1552
1939,16202,1256
1940,16207,1903
1941,16212,976
1942,16214,973
1943,16217,974
1944,16222,971
1945,16230,1268
1946,16231,975
1947,16233,979
1948,16238,4183
1949,16243,3315
1950,16247,2921
1951,16249,2559
1952,16251,2232
1953,16258,7645
1954,16279,6435
1955,16282,5992
1956,16285,5988
1957,16287,5108
1958,16290,5559
1959,16299,2393
1960,16302,2730
1961,16305,1754
1962,16307,2076
1963,16309,2732
1964,16311,3122
1965,16314,3123
1966,16344,1447
1967,16347,1150
1968,16348,987
1969,16352,984
1970,16355,988
1971,16356,985
1972,16362,1271
1973,16364,1272
1974,16366,1273
1975,16379,1872
1976,16382,1554
1977,16387,1553
1978,16399,1265
1979,16402,1267
1980,16407,1260
1981,16409,1555
1982,16411,1262
1983,16418,4641
1984,16422,3735
1985,16457,6866
1986,16486,3121
1987,16517,1446
1988,16534,986
1989,16535,1274
1990,16544,2547
1991,16546,2224
1992,16551,2223
1993,16555,2220
1994,16559,1871
1995,16564,2195
1996,16568,1263
1997,16571,1264
1998,16577,1566
1999,16579,1261
2000,16588,1269
2001,16589,1266
2002,16594,4182
2003,16597,3323
2004,16599,3321
2005,16601,2555
2006,16603,2922
2007,16605,2558
2008,16614,7270
2009,16616,7269
2010,16626,7264
2011,16630,7272
2012,16633,6434
2013,16636,5991
2014,16639,5562
2015,16640,5106
2016,16643,5111
2017,16644,4638
2018,16653,2391
2019,16657,1753
2020,16658,2074
2021,16661,2726
2022,16662,2392
2023,16668,2860
2024,16678,3257
2025,16680,3668
2026,16698,1148
2027,16703,1278
2028,16706,1275
2029,16707,1279
2030,16711,1276
2031,16716,1570
2032,16719,1571
2033,16721,1572
2034,16725,2548
2035,16727,2544
2036,16731,2221
2037,16734,2194
2038,16739,1873
2039,16740,1560
2040,16758,1874
2041,16759,1557
2042,16762,1556
2043,16778,2556
2044,16779,2917
2045,16785,7271
2046,16807,6863
2047,16835,2725
2048,16857,7998
2049,16870,1280
2050,16885,1277
2051,16887,1574
2052,16896,2900
2053,16898,2918
2054,16899,2901
2055,16900,2898
2056,16904,2543
2057,16905,2516
2058,16906,2517
2059,16907,2542
2060,16908,2518
2061,16912,2193
2062,16916,2515
2063,16917,2514
2064,16919,1270
2065,16922,1559
2066,16924,1561
2067,16928,1567
2068,16932,1558
2069,16939,1565
2070,16941,4179
2071,16942,4178
2072,16944,3741
2073,16946,3740
2074,16947,3320
2075,16949,3322
2076,16950,2916
2077,16953,2920
2078,16954,2919
2079,16960,7268
2080,16973,6864
2081,16975,6870
2082,16983,6428
2083,16985,5985
2084,16986,5557
2085,16987,4637
2086,16988,5110
2087,16989,4643
2088,16991,4636
2089,17000,2075
2090,17003,1751
2091,17004,1752
2092,17009,2388
2093,17011,2727
2094,17014,2861
2095,17042,1551
2096,17047,1281
2097,17049,1577
2098,17051,1573
2099,17053,1578
2100,17056,1575
2101,17064,1892
2102,17065,1893
2103,17068,1894
2104,17074,2546
2105,17075,2545
2106,17076,2899
2107,17081,2877
2108,17082,1882
2109,17083,1880
2110,17084,2513
2111,17085,2197
2112,17086,2196
2113,17087,1878
2114,17088,1879
2115,17090,2875
2116,17098,1883
2117,17099,1568
2118,17100,1564
2119,17101,1569
2120,17103,1889
2121,17104,1890
2122,17107,1876
2123,17110,1875
2124,17122,3318
2125,17124,3319
2126,17148,6871
2127,17150,6429
2128,17151,6430
2129,17154,5558
2130,17177,2864
2131,17179,2389
2132,17182,2503
2133,17202,7978
2134,17217,1579
2135,17229,1576
2136,17232,1897
2137,17241,3294
2138,17250,2897
2139,17252,2876
2140,17255,2204
2141,17261,2202
2142,17266,2198
2143,17267,1563
2144,17268,1562
2145,17269,1881
2146,17274,1885
2147,17276,1888
2148,17278,2208
2149,17280,1877
2150,17284,1886
2151,17285,1887
2152,17289,4187
2153,17292,3739
2154,17307,7624
2155,17315,6431
2156,17325,5987
2157,17326,5986
2158,17331,5105
2159,17344,2072
2160,17347,1750
2161,17353,2073
2162,17356,2505
2163,17362,3260
2164,17387,1868
2165,17389,1870
2166,17393,1580
2167,17397,1896
2168,17400,1900
2169,17405,1898
2170,17407,1895
2171,17411,2211
2172,17412,2212
2173,17429,2203
2174,17432,2519
2175,17443,1884
2176,17446,1891
2177,17455,2199
2178,17456,2207
2179,17457,2200
2180,17458,2201
2181,17460,4186
2182,17467,3700
2183,17469,3738
2184,17488,6438
2185,17490,5994
2186,17495,6439
2187,17522,3259
2188,17525,2186
2189,17529,2863
2190,17532,4116
2191,17565,1901
2192,17575,1899
2193,17577,2215
2194,17587,3699
2195,17594,3274
2196,17597,3293
2197,17601,3275
2198,17607,2524
2199,17609,2878
2200,17611,2520
2201,17615,2205
2202,17619,2206
2203,17620,2209
2204,17636,4185
2205,17643,7240
2206,17663,5995
2207,17664,6835
2208,17666,6392
2209,17675,5113
2210,17678,4645
2211,17690,1867
2212,17693,1869
2213,17698,2187
2214,17708,3669
2215,17731,2190
2216,17733,2192
2217,17736,1902
2218,17741,2210
2219,17743,2217
2220,17748,2213
2221,17751,2214
2222,17757,2532
2223,17793,2522
2224,17794,2521
2225,17796,2523
2226,17806,4143
2227,17807,4141
2228,17811,6836
2229,17814,7622
2230,17824,5565
2231,17825,5946
2232,17826,5948
2233,17832,5563
2234,17836,5564
2235,17858,3258
2236,17860,2504
2237,17863,2862
2238,17890,8341
2239,17900,2218
2240,17909,2216
2241,17920,2533
2242,17927,3698
2243,17934,2525
2244,17943,2527
2245,17945,2526
2246,17958,4644
2247,17966,7241
2248,17976,7977
2249,17983,5947
2250,17984,6393
2251,17990,5520
2252,17994,5112
2253,18006,2188
2254,18009,2191
2255,18010,2189
2256,18015,2506
2257,18018,2865
2258,18022,3261
2259,18038,8339
2260,18048,2511
2261,18052,2512
2262,18056,2219
2263,18060,2530
2264,18061,2531
2265,18065,2538
2266,18069,2535
2267,18071,2534
2268,18072,2536
2269,18081,3276
2270,18083,3680
2271,18085,3681
2272,18088,2881
2273,18090,2879
2274,18097,2529
2275,18099,2528
2276,18107,4595
2277,18110,4593
2278,18114,7243
2279,18115,6838
2280,18130,6395
2281,18158,2509
2282,18168,3671
2283,18193,2510
2284,18196,2540
2285,18199,2539
2286,18212,2537
2287,18215,2890
2288,18216,2888
2289,18219,4127
2290,18228,2882
2291,18244,2880
2292,18248,5065
2293,18250,4142
2294,18258,6396
2295,18270,5951
2296,18274,5519
2297,18284,4569
2298,18291,2507
2299,18294,2508
2300,18298,2867
2301,18300,2868
2302,18307,3262
2303,18314,8338
2304,18335,2873
2305,18341,2541
2306,18347,2887
2307,18350,2892
2308,18352,2886
2309,18356,2889
2310,18357,2891
2311,18364,4126
2312,18367,3682
2313,18369,4125
2314,18373,3280
2315,18379,2883
2316,18382,2884
2317,18384,2885
2318,18390,5063
2319,18397,6398
2320,18399,6839
2321,18405,7623
2322,18415,5950
2323,18420,5518
2324,18438,2871
2325,18440,2866
2326,18474,2874
2327,18478,2872
2328,18484,3289
2329,18489,2893
2330,18490,2894
2331,18509,3281
2332,18510,3278
2333,18511,3277
2334,18525,4594
2335,18526,4581
2336,18529,4580
2337,18530,7242
2338,18532,6397
2339,18548,5952
2340,18566,2869
2341,18569,3265
2342,18581,3672
2343,18586,4117
2344,18598,8329
2345,18613,2896
2346,18617,2895
2347,18625,3284
2348,18626,3285
2349,18627,3290
2350,18630,3287
2351,18631,3288
2352,18637,4579
2353,18638,3683
2354,18640,4128
2355,18650,3282
2356,18654,3283
2357,18656,5516
2358,18670,6837
2359,18687,5949
2360,18701,2870
2361,18704,3266
2362,18706,3268
2363,18708,3264
2364,18715,3673
2365,18741,3272
2366,18746,3273
2367,18750,3286
2368,18754,3292
2369,18775,3688
2370,18778,3689
2371,18780,3685
2372,18784,3279
2373,18792,5064
2374,18794,5052
2375,18797,5051
2376,18818,6394
2377,18824,5944
2378,18839,3675
2379,18841,3267
2380,18877,3271
2381,18881,3291
2382,18885,3692
2383,18891,3691
2384,18897,3693
2385,18899,3684
2386,18904,4582
2387,18905,4129
2388,18914,3690
2389,18925,5050
2390,18936,7621
2391,18943,7968
2392,18953,5517
2393,18954,4571
2394,18964,3263
2395,18970,3676
2396,18971,3270
2397,18972,3674
2398,18979,4118
2399,19008,3678
2400,19009,3679
2401,19021,3694
2402,19032,4131
2403,19040,4134
2404,19042,3686
2405,19046,3687
2406,19051,7969
2407,19060,7239
2408,19078,6391
2409,19093,3269
2410,19101,4572
2411,19105,4121
2412,19114,8684
2413,19124,8330
2414,19129,8685
2415,19137,3695
2416,19140,3696
2417,19152,3697
2418,19154,4130
2419,19160,4583
2420,19163,4135
2421,19178,5506
2422,19180,5505
2423,19184,5504
2424,19186,6834
2425,19204,5945
2426,19213,4573
2427,19219,3677
2428,19223,4120
2429,19234,4574
2430,19245,8677
2431,19262,4124
2432,19272,4136
2433,19273,4137
2434,19281,5053
2435,19288,4585
2436,19292,4132
2437,19294,4133
2438,19298,7965
2439,19300,8327
2440,19317,7612
2441,19326,5934
2442,19341,4119
2443,19380,4123
2444,19397,4140
2445,19406,4588
2446,19410,4584
2447,19415,5508
2448,19420,7966
2449,19424,5933
2450,19427,5932
2451,19432,7238
2452,19440,6390
2453,19455,4122
2454,19462,5044
2455,19465,4576
2456,19475,8676
2457,19499,4138
2458,19507,4139
2459,19511,5054
2460,19513,4587
2461,19523,4586
2462,19527,7611
2463,19529,7967
2464,19537,6833
2465,19551,6381
2466,19567,4575
2467,19594,8328
2468,19605,4577
2469,19610,4589
2470,19625,5056
2471,19642,7610
2472,19655,6380
2473,19663,5055
2474,19684,5046
2475,19718,4591
2476,19719,4592
2477,19726,5058
2478,19733,5507
2479,19734,5936
2480,19737,8326
2481,19740,7226
2482,19744,7963
2483,19746,6379
2484,19750,7227
2485,19756,6824
2486,19766,5045
2487,19801,9023
2488,19809,4590
2489,19822,5057
2490,19839,7962
2491,19840,7609
2492,19845,7225
2493,19850,6825
2494,19869,5499
2495,19871,4578
2496,19876,5047
2497,19908,5059
2498,19913,5061
2499,19915,5062
2500,19923,5510
2501,19925,5935
2502,19929,7964
2503,19940,6383
2504,19943,6823
2505,19956,5509
2506,19985,8675
2507,19997,5048
2508,20012,5511
2509,20028,7960
2510,20037,7231
2511,20043,8325
2512,20047,5500
2513,20061,5501
2514,20068,9018
2515,20087,5060
2516,20090,5512
2517,20095,5937
2518,20104,6382
2519,20109,7608
2520,20119,7230
2521,20131,5515
2522,20144,5049
2523,20179,5514
2524,20188,5939
2525,20189,5938
2526,20195,6827
2527,20213,8333
2528,20221,5927
2529,20258,5502
2530,20276,6384
2531,20284,7961
2532,20291,7615
2533,20330,8679
2534,20342,5513
2535,20345,5940
2536,20349,5942
2537,20360,6826
2538,20366,7973
2539,20367,7233
2540,20377,5943
2541,20386,5928
2542,20389,5503
2543,20409,9337
2544,20428,6385
2545,20458,6373
2546,20493,5930
2547,20508,6828
2548,20511,7232
2549,20519,7617
2550,20569,5941
2551,20572,6387
2552,20576,6388
2553,20580,6389
2554,20592,8335
2555,20611,5931
2556,20657,7616
2557,20662,7974
2558,20676,6374
2559,20678,6817
2560,20709,6377
2561,20717,6831
2562,20720,6830
2563,20725,7234
2564,20740,8680
2565,20763,9021
2566,20784,6386
2567,20795,6832
2568,20823,6378
2569,20869,7972
2570,20908,9339
2571,20920,6829
2572,20923,7236
2573,20928,7237
2574,20931,7618
2575,20936,8334
2576,20950,6818
2577,20959,6822
2578,21010,7221
2579,21022,6821
2580,21030,8681
2581,21057,7235
2582,21107,9022
2583,21126,7975
2584,21136,7620
2585,21174,7229
2586,21178,7619
2587,21187,8336
2588,21195,7222
2589,21255,7228
2590,21262,7605
2591,21266,8682
2592,21294,7613
2593,21307,7976
2594,21342,9338
2595,21352,7970
2596,21387,8337
2597,21397,7614
2598,21414,7606
2599,21428,8683
2600,21502,7971
2601,21508,8331
2602,21514,7957
2603,21527,9019
2604,21560,7958
2605,21576,9020
2606,21622,8678
2607,21633,8332
2608,21679,8322
2609,21684,9335
2610,21706,8323
2611,21757,8673
2612,21759,9015
2613,21802,8324
2614,21807,8674
2615,21814,9336
2616,21847,9017
2617,21900,8672
2618,21913,9333
2619,21944,9016
2620,21963,9012
2621,22002,9328
